timestamp,model,method,num_candidates,prompt,prompt_inputs,user_emotion,desired_emotional_effect,occupation,reading_context,focus_level,book_candidates,result,token_usage
2025-05-19 13:23:12.640431,gpt-4o-mini,multi_stage,6,"Human: 당신은 사용자의 독서 취향과 감정 상태에 맞춰 도서를 추천하는 전문가입니다.
다음 정보를 분석하여 사용자에게 가장 적합한 3권의 책을 추천해주세요.

## 사용자 정보
- 현재 감정 상태: 불안함
- 원하는 감정적 효과: 위로와 안정감
- 직업: 직장인
- 독서 상황: 잠들기 전 독서
- 선호하는 집중도: 가볍게 읽을 수 있는 책





## 후보 도서 목록
1. '잠깐 머리 좀 식히고 오겠습니다' (저자: 윤대현, 카테고리: 인문과학, 유사도: 4.43)
   내용: 카테고리: 인문과학
제목: 잠깐 머리 좀 식히고 오겠습니다
내용: 힐링, 자존감, 긍정, 신경 끄기 등의 말이 꾸준히 유행하는 이유는 아직도 많은 사람들이 일상에서 얻는 스트레스와 무기력을 어떻게 극복해야 할지 모르고 있기 때문일 것이다. 정신과 전문의인 이 책의 저자는 스트레스 관리란 마음 관리라 말하며, 그동안 상담해 왔던 수많은 사람들의 고민 중 대표적인 것들을 모아 질의응답 형식의 심리 처방전을 제공했다. 대부분의 사람들은 직장생활, 인간관계, 자신이나 타인의 습관과 태도, 조절되지 않는 감정, 낮은 자존감 때문에 행복하지 않음을 느낀다. 저자는 우리 마음이 스트레스 받는 이유가 너무 열심히 살고 있기 때문이며, 그런 마음을 잘 이해해 주고 마음이 즐거운 일을 해 줘야 한다고 말한다. 이 책의 사연들은 ‘나와 같은 사람이 많구나’ 라는 공감과 위안을 줄 것이다. 또 유쾌하지만 구체적이고 진솔한 저자의 처방은 일상의 스트레스를 이겨 낼 수 있는 긍정적인 마음을 심어 줄 것이다.

2. '나에게 오늘을 선물합니다' (저자: 김나위, 카테고리: , 유사도: 4.49)
   내용: 카테고리: 
제목: 나에게 오늘을 선물합니다
내용: 인생에는 위로가 필요한 순간들이 있다. 인생이 어렵고 삶이 불안할 때, 어떻게 살아야 할지 고민일 때, 나만 늘 제자리라는 생각이 들 때, 어디로 가야 할지 알 수 없을 때, 우리는 자신을 초라하게 느끼고 한탄한다. 마음을 다잡고 잘해 보려 하지만 결과가 항상 내 의지대로 되지 않아 좌절하기도 한다. 저자는 일상에서 겪게 되는 이러한 고달픈 순간에 자기를 위로하는 셀프 힐링의 필요와 방법을 이야기해준다. 1부에서는 우리가 혼자가 아님을, 2부에서는 우리가 충분히 사랑받을 수 있는 존재임을, 3부에서는 오늘이 우리에게 선물임을 확인하게 하는 소소한 일상의 이야기들을 소개한다. 나와 비슷한 어려움을 겪은 다른 사람들의 이야기를 들으며 위로와 용기를 얻고 싶을 때, 오늘 하루 나에게 주어진 삶에 최선을 다하고 있지만 가끔은 쉼이 필요할 때, 이 책을 통해 나 자신과 주변을 돌아보며 스스로 살피는 시간을 가져보면 어떨까?
목차: PROLOGUE = 4 PART 1 우리 옆엔 항상 누군가가 함께 있어요 나만 제자리야, 여전히 그 자리일 뿐이라고! = 13 성실하지 못해서 실패한 게 아니야 = 23 어떻게든 넘을 수 있는 크기로 온다 = 31 우리 뇌는 '햇빛'보다 '천둥 번개'를 더 기억해 = 39 내 말을 듣고는 있는 거야? = 49 그저 평범하게 살고 싶을 뿐인데 = 57 늘 다니던 길도 헤맬 수 있거든 = 67 대범하게 살고 싶어 = 75 무조건 버티는 시대는 끝났다 = 85 PART 2 우리는 충분히 사랑받을 거예요 나아갈 때와 멈춰 설 때 분별하기 = 95 천천히 가도 괜찮다, 계속 갈 수만 있다면 = 103 하루만이라도 내 마음대로 = 113 당신은 비상구가 있나요? = 121 떠나요, 마음 가는 대로 = 131 몸과 마음 토닥이기 = 143 각자 자기만의 길이 있어 = 151 팔자 고치고 싶을 때 해야 하는 것 = 161 누구에게나 기회는 온다 = 171 돈이 전부가 아니라는 진실을 깨닫기 = 181 내가 먼저 좋은 사람이 되어야지 = 191 사랑하는 사람 생각하기 = 199 PART 3 천천히 함께 걷기에 우리의 오늘은 선물입니다 '혼자 공포증'에서 탈출하기 = 209 좋은 것을 주고받는 인연 만들기 = 217 분노가 춤추는 대로 움직이지 않는다면 = 227 엉덩이에 신중함 장착하기 = 237 상처를 꺼내어 쓰다듬기 = 245 입으로 덕 쌓아가기 = 255 지금 이대로의 나를 사랑해! = 267 한 가닥 바람에 흔들리지 않기 = 277 EPILOGUE = 285

3. '나를 위로하는 글쓰기' (저자: 셰퍼드 코미나스 지음 ; 임옥희 옮김, 카테고리: 어문학, 유사도: 4.65)
   내용: 카테고리: 어문학
제목: 나를 위로하는 글쓰기
내용: 이 책의 저자는 만성 편두통을 고치기 위해 찾아간 통증클리닉 의사로부터 희한한 처방을 받았다. 그것은 바로 규칙적으로 일기를 쓰는 것이다. 어린 시절 우리가 자의 반 타의 반으로 일기를 쓸 때 매일 비슷하게 반복되는 일상을 어떻게 표현하면 좋을지 고민한 적이 있을 것이다. 저자는 편두통 속에 일기를 쓰는 것이 쉽지 않았으나 어느 날 멋대로 휘갈겨 쓴 글 속에서 몸과 마음이 치유되는 경험을 했다고 말한다. 힘들고 지친 삶 속에서 일기를 쓰는 행위는 우리가 마주한 시련과 위기를 헤쳐 나가는 하나의 돌파구일지도 모른다. 이 책은 글쓰기를 어떻게 시작해야 하는지, 글쓰기가 어떻게 마음을 치유하는지를 알려 주고 자신의 내면을 정면으로 마주하는 법을 가르쳐 주는 지침서이다. 무난한 수첩과 여러 색깔의 펜을 들고 내가 가장 편한 장소에서 글을 써 보는 것부터 시작해 보자. “오늘 내가 가장 기억하고 싶은 일은 무엇인가?”
목차: PART 1. 나를 위로하는 글쓰기의 시작Chapter 01 당장 글쓰기의 여정을 시작하자 Chapter 02 어떻게 시작할까?Chapter 03 어깨 위에 놓인 무거운 짐PART 2. 치유를 위한 글쓰기Chapter 04 다른 사람들은 어떻게 글쓰기를 시작했을까?Chapter 05 글쓰기의 유익함에 대한 과학적인 탐구들Chapter 06 치유로 가는 문은 언제나 활짝 열려 있다Chapter 07 글쓰기로 무엇을 기대할 수 있을까?PART 3. 치유의 글쓰기 연습 ⅠChapter 08 나 자신과의 화해Chapter 09 몸을 위한 양식, 마음을 위한 양식Chapter 10 지구 끝까지 떠나는 여행Chapter 11 미리 쓰는 유언 편지Chapter 12 아직은 아니라고 말하지 마라Chapter 13 당신은 지난밤에 무슨 꿈을 꾸었나?PART 4. 치유의 글쓰기 연습 ⅡChapter 14 내 인생을 더욱 창조적으로 만들기 위해Chapter 15 마음속의 아이가 놀자고 한다Chapter 16 명상하고 기도하라Chapter 17 행복의 재발견Chapter 18 삶과 죽음의 갈림길에서Chapter 19 평생에 걸친 글쓰기

4. '불안해 보여서 불안한 당신에게' (저자: 한창욱, 카테고리: , 유사도: 4.65)
   내용: 카테고리: 
제목: 불안해 보여서 불안한 당신에게
내용: 이 책은 삶이 고달픈 청춘들의 마음을 위로하고 불확실한 것들로 이루어진 청춘들의 ‘불안’이라는 짐을 덜어주기 위해 쓰인 책이다. 《꽃은 바람에 흔들리며 핀다》, 《눈에 보이지 않는 것들》, 《흔들리는 자신감, 휘청거리는 자존감》, 《우리를 불안하게 하는 것들》의 4개 파트에 52개의 에피소드를 담고 있다. 5년째 9급 공무원을 준비하고 있는 지혜, 중소기업을 다니다 퇴사한 후 4년째 공기업을 준비하고 있는 성진, ‘아싸’여서 직장 생활의 어려움을 겪는 은수, 학벌 콤플렉스를 겪고 있는 대훈으로 대표되는 청춘들의 일상을 통해 이 시대를 살아가는 모든 청춘이 느끼는 불안을 이야기하고, 에피소드 말미에 이를 극복하는 기술과 노하우를 들려준다. 드라마나 웹툰을 보듯 4명의 등장인물을 따라가다 보면 보이지 않는 미래를 위해 힘들게 달려가는 청춘뿐 아니라 남녀노소를 막론하고 불안을 느끼는 모든 이들이 따뜻한 위로와 함께 불안을 극복할 방법과 힘을 찾을 수 있을 것이다.

5. '마음은 괜찮냐고 시가 물었다 : 시 읽어주는 정신과 의사가 건네는 한 편의 위로' (저자: 황인환, 카테고리: , 유사도: 4.88)
   내용: 카테고리: 
제목: 마음은 괜찮냐고 시가 물었다 : 시 읽어주는 정신과 의사가 건네는 한 편의 위로
내용: “정말 그럴 때가 있을 겁니다. 어디 가나 벽이고 무인도이고 혼자라는 생각이 들 때가 있을 겁니다.” 이어령님의 <정말 그럴 때가>라는 시의 첫 구절이다. 살다 보면 누구나 외롭고 힘든 순간이 있다. 그럴 때 누군가의 따뜻한 말 한마디, 내 마음을 대변하는 것 같은 책 속 한 문장이 큰 위로가 되기도 한다. 이 책의 저자는 정신건강의학과 전문의로 시와 마음은 많이 닮았다고 말한다. 짧지만 긴 시간을 들여 천천히 읽어야 이해할 수 있는 시처럼, 사람의 마음도 겉으로 드러나는 단편적인 기분보다 실상 더 복잡하고 많은 감정이 담겨있어 가만히 들여다보아야만 이해할 수 있게 된다는 것이다. 나도 몰랐던 현재의 내 마음을 발견하고, 과거의 관계에서 생긴 마음의 매듭들을 풀며, 더 나은 미래를 위해 갖춰야 할 태도들에 대해 생각해 볼 수 있는 시들을 상황에 맞게 소개하고 있다. 더 나아가 심리 이론으로 촘촘한 분석과 구체적인 해결책을 제시한다. 과거의 선택을 후회하고, 현실이 힘들고, 미래가 불안한 이들에게 이 책을 권하고 싶다. 시가 건네는 위로를 발견할 수 있기를.
목차: 프롤로그 : 내가 시를 읽는 이유 = 5 1부 나도 몰랐던 내 마음을 발견하다 : 현재의 내 마음과 감정들 방어기제 : 나는 괜찮다는 거짓말 = 19 불안 : 언제나 최악의 시나리오를 그리는 당신에게 = 33 자존감 : 지금 여기서 나의 가치를 높이는 법 = 45 무기력 : 삶의 의미 대신 행복을 찾는 연습 = 57 완벽주의 : 잘하고 싶은 마음에 시작도 못 하는 사람들 = 70 외로움 : 혼자 있어도, 함께 있어도 외로운 이유 = 82 2부 모든 관계는 나로부터 시작된다 : 과거의 관계에서 생긴 마음의 매듭들 독립 : 부모의 자랑이 되어야 한다는 의무감 = 95 애착 : 사랑을 계속해서 시험하는 사람 = 107 이별 : 사랑이 지나간 자리에서 = 119 비밀 : 나를 지키는 비밀, 관계를 무너뜨리는 비밀 = 130 페르소나 : 나는 누구인가라는 고민 = 140 연애 : 낭만적 연애와 그 후의 일상 = 153 인간관계 : 섣불리 기대했다 상처받지 않는 법 = 166 3부 이 세상 모든 곳에 나의 자리가 있다 : 더 나은 미래를 위해 갖춰야 할 태도들 번아웃 : 일하는 나를 위한 최소한의 예의 = 179 성장 : 실패 앞에서 품위를 잃지 않기를 = 194 자기애 : 나를 사랑한다는 착각 = 207 우울 : 어떤 우울도 영원하지 않다 = 221 분노 : 우아하게 화를 내는 기술 = 232 피해의식 : 그는 당신을 미워하지 않는다 = 244 에필로그 : 시와 같은 마음으로 = 257 참고문헌 = 261

6. '우울하면 좀 어때 : 정신과 전문의 김승기 시인의 자존감 처방전' (저자: 김승기 , 카테고리: 인문과학, 유사도: 5.19)
   내용: 카테고리: 인문과학
제목: 우울하면 좀 어때 : 정신과 전문의 김승기 시인의 자존감 처방전
내용: 이 책의 저자는 자신이 상담해 왔던 환자들의 이야기를 통해 현대 사회에서 흔하게 겪게 되는 감정의 문제들을 적고 각 사례들에 대한 정보와 처방전을 이야기해 주고 있다. 1부에서는 자존감이 낮거나 높은 사람들이 겪을 수 있는 문제를, 2부에서는 자라나지 못한 마음속의 아이들이라는 주제로 아이들이 겪는 아픔을, 3부에서는 상처받기 쉬운 가족이라는 주제로 가장 가까운 가족들에게 받는 상처를, 4부에서는 남자와 여자 그리고 결혼이라는 주제로 부부관계에서 어떻게 해야 잘 헤쳐 나갈 수 있는지 이야기하고 있으며, 5부에서는 장애와 통증 사이 내가 혹시 이런 병에 걸린 것은 아닐까라는 주제로 스트레스로 인한 장애가 생길 수도 있다고 이야기하고 있다. 우울이라는 단어는 현대 사회를 살아가는 사람이라면 한 번쯤 떠올릴 수 있다. 고단한 회사 생활, 초년생으로서 힘든 사회 활동, 학생으로서 느끼는 학업 스트레스, 엄마이지만 한 사람의 여성으로서 느끼는 고단함 등에서 누구나 격을 수 있다. 이 책을 통해서 마음에 무거운 짐을 안고 있는 사람들에게 작은 위로를 건네는 책이다. “까짓것 우울하면 좀 어때?!”

다음과 같은 척도로 각 후보 도서를 평가하세요:
1. 사용자의 현재 감정 상태와 원하는 감정적 효과와의 적합성
2. 사용자의 취향과의 일치도 (장르, 스타일, 선호 키워드)
3. 사용자의 기피 주제와 겹치지 않는지 여부
4. 사용자의 독서 이력과의 연관성
5. 독서 상황과 선호하는 집중도에 맞는지 여부
6. 사용자의 직업과 관련된 통찰이나 도움이 될 수 있는지 여부

최종 추천은 다음 형식으로 제시해주세요:
1. [첫 번째 추천 도서 제목] - 저자
   - 추천 이유: (사용자의 현재 감정과 원하는 효과를 고려한 구체적인 이유)
   - 이 책이 도움이 될 수 있는 이유: (감정적 효과나 얻을 수 있는 통찰 등)

2. [두 번째 추천 도서 제목] - 저자
   - 추천 이유: (사용자의 현재 감정과 원하는 효과를 고려한 구체적인 이유)
   - 이 책이 도움이 될 수 있는 이유: (감정적 효과나 얻을 수 있는 통찰 등)

3. [세 번째 추천 도서 제목] - 저자
   - 추천 이유: (사용자의 현재 감정과 원하는 효과를 고려한 구체적인 이유)
   - 이 책이 도움이 될 수 있는 이유: (감정적 효과나 얻을 수 있는 통찰 등)
","{'user_emotion': '불안함', 'desired_emotional_effect': '위로와 안정감', 'occupation': '직장인', 'reading_context': '잠들기 전 독서', 'focus_level': '가볍게 읽을 수 있는 책'}",불안함,위로와 안정감,직장인,잠들기 전 독서,가볍게 읽을 수 있는 책,"[{'content': '카테고리: 인문과학\n제목: 잠깐 머리 좀 식히고 오겠습니다\n내용: 힐링, 자존감, 긍정, 신경 끄기 등의 말이 꾸준히 유행하는 이유는 아직도 많은 사람들이 일상에서 얻는 스트레스와 무기력을 어떻게 극복해야 할지 모르고 있기 때문일 것이다. 정신과 전문의인 이 책의 저자는 스트레스 관리란 마음 관리라 말하며, 그동안 상담해 왔던 수많은 사람들의 고민 중 대표적인 것들을 모아 질의응답 형식의 심리 처방전을 제공했다. 대부분의 사람들은 직장생활, 인간관계, 자신이나 타인의 습관과 태도, 조절되지 않는 감정, 낮은 자존감 때문에 행복하지 않음을 느낀다. 저자는 우리 마음이 스트레스 받는 이유가 너무 열심히 살고 있기 때문이며, 그런 마음을 잘 이해해 주고 마음이 즐거운 일을 해 줘야 한다고 말한다. 이 책의 사연들은 ‘나와 같은 사람이 많구나’ 라는 공감과 위안을 줄 것이다. 또 유쾌하지만 구체적이고 진솔한 저자의 처방은 일상의 스트레스를 이겨 낼 수 있는 긍정적인 마음을 심어 줄 것이다.', 'metadata': {'author': '윤대현', 'category': '인문과학', 'isbn': '9788965746584', 'publish_year': '2018', 'title': '잠깐 머리 좀 식히고 오겠습니다'}, 'score': 4.433990001678467}, {'content': ""카테고리: \n제목: 나에게 오늘을 선물합니다\n내용: 인생에는 위로가 필요한 순간들이 있다. 인생이 어렵고 삶이 불안할 때, 어떻게 살아야 할지 고민일 때, 나만 늘 제자리라는 생각이 들 때, 어디로 가야 할지 알 수 없을 때, 우리는 자신을 초라하게 느끼고 한탄한다. 마음을 다잡고 잘해 보려 하지만 결과가 항상 내 의지대로 되지 않아 좌절하기도 한다. 저자는 일상에서 겪게 되는 이러한 고달픈 순간에 자기를 위로하는 셀프 힐링의 필요와 방법을 이야기해준다. 1부에서는 우리가 혼자가 아님을, 2부에서는 우리가 충분히 사랑받을 수 있는 존재임을, 3부에서는 오늘이 우리에게 선물임을 확인하게 하는 소소한 일상의 이야기들을 소개한다. 나와 비슷한 어려움을 겪은 다른 사람들의 이야기를 들으며 위로와 용기를 얻고 싶을 때, 오늘 하루 나에게 주어진 삶에 최선을 다하고 있지만 가끔은 쉼이 필요할 때, 이 책을 통해 나 자신과 주변을 돌아보며 스스로 살피는 시간을 가져보면 어떨까?\n목차: PROLOGUE = 4 PART 1 우리 옆엔 항상 누군가가 함께 있어요 나만 제자리야, 여전히 그 자리일 뿐이라고! = 13 성실하지 못해서 실패한 게 아니야 = 23 어떻게든 넘을 수 있는 크기로 온다 = 31 우리 뇌는 '햇빛'보다 '천둥 번개'를 더 기억해 = 39 내 말을 듣고는 있는 거야? = 49 그저 평범하게 살고 싶을 뿐인데 = 57 늘 다니던 길도 헤맬 수 있거든 = 67 대범하게 살고 싶어 = 75 무조건 버티는 시대는 끝났다 = 85 PART 2 우리는 충분히 사랑받을 거예요 나아갈 때와 멈춰 설 때 분별하기 = 95 천천히 가도 괜찮다, 계속 갈 수만 있다면 = 103 하루만이라도 내 마음대로 = 113 당신은 비상구가 있나요? = 121 떠나요, 마음 가는 대로 = 131 몸과 마음 토닥이기 = 143 각자 자기만의 길이 있어 = 151 팔자 고치고 싶을 때 해야 하는 것 = 161 누구에게나 기회는 온다 = 171 돈이 전부가 아니라는 진실을 깨닫기 = 181 내가 먼저 좋은 사람이 되어야지 = 191 사랑하는 사람 생각하기 = 199 PART 3 천천히 함께 걷기에 우리의 오늘은 선물입니다 '혼자 공포증'에서 탈출하기 = 209 좋은 것을 주고받는 인연 만들기 = 217 분노가 춤추는 대로 움직이지 않는다면 = 227 엉덩이에 신중함 장착하기 = 237 상처를 꺼내어 쓰다듬기 = 245 입으로 덕 쌓아가기 = 255 지금 이대로의 나를 사랑해! = 267 한 가닥 바람에 흔들리지 않기 = 277 EPILOGUE = 285"", 'metadata': {'author': '김나위', 'category': '', 'isbn': '9791190456425', 'publish_year': '2022', 'title': '나에게 오늘을 선물합니다'}, 'score': 4.492774486541748}, {'content': '카테고리: 어문학\n제목: 나를 위로하는 글쓰기\n내용: 이 책의 저자는 만성 편두통을 고치기 위해 찾아간 통증클리닉 의사로부터 희한한 처방을 받았다. 그것은 바로 규칙적으로 일기를 쓰는 것이다. 어린 시절 우리가 자의 반 타의 반으로 일기를 쓸 때 매일 비슷하게 반복되는 일상을 어떻게 표현하면 좋을지 고민한 적이 있을 것이다. 저자는 편두통 속에 일기를 쓰는 것이 쉽지 않았으나 어느 날 멋대로 휘갈겨 쓴 글 속에서 몸과 마음이 치유되는 경험을 했다고 말한다. 힘들고 지친 삶 속에서 일기를 쓰는 행위는 우리가 마주한 시련과 위기를 헤쳐 나가는 하나의 돌파구일지도 모른다. 이 책은 글쓰기를 어떻게 시작해야 하는지, 글쓰기가 어떻게 마음을 치유하는지를 알려 주고 자신의 내면을 정면으로 마주하는 법을 가르쳐 주는 지침서이다. 무난한 수첩과 여러 색깔의 펜을 들고 내가 가장 편한 장소에서 글을 써 보는 것부터 시작해 보자. “오늘 내가 가장 기억하고 싶은 일은 무엇인가?”\n목차: PART 1. 나를 위로하는 글쓰기의 시작Chapter 01 당장 글쓰기의 여정을 시작하자 Chapter 02 어떻게 시작할까?Chapter 03 어깨 위에 놓인 무거운 짐PART 2. 치유를 위한 글쓰기Chapter 04 다른 사람들은 어떻게 글쓰기를 시작했을까?Chapter 05 글쓰기의 유익함에 대한 과학적인 탐구들Chapter 06 치유로 가는 문은 언제나 활짝 열려 있다Chapter 07 글쓰기로 무엇을 기대할 수 있을까?PART 3. 치유의 글쓰기 연습 ⅠChapter 08 나 자신과의 화해Chapter 09 몸을 위한 양식, 마음을 위한 양식Chapter 10 지구 끝까지 떠나는 여행Chapter 11 미리 쓰는 유언 편지Chapter 12 아직은 아니라고 말하지 마라Chapter 13 당신은 지난밤에 무슨 꿈을 꾸었나?PART 4. 치유의 글쓰기 연습 ⅡChapter 14 내 인생을 더욱 창조적으로 만들기 위해Chapter 15 마음속의 아이가 놀자고 한다Chapter 16 명상하고 기도하라Chapter 17 행복의 재발견Chapter 18 삶과 죽음의 갈림길에서Chapter 19 평생에 걸친 글쓰기', 'metadata': {'author': '셰퍼드 코미나스 지음 ; 임옥희 옮김', 'category': '어문학', 'isbn': '9788970656144', 'publish_year': '2018', 'title': '나를 위로하는 글쓰기'}, 'score': 4.6455979347229}, {'content': '카테고리: \n제목: 불안해 보여서 불안한 당신에게\n내용: 이 책은 삶이 고달픈 청춘들의 마음을 위로하고 불확실한 것들로 이루어진 청춘들의 ‘불안’이라는 짐을 덜어주기 위해 쓰인 책이다. 《꽃은 바람에 흔들리며 핀다》, 《눈에 보이지 않는 것들》, 《흔들리는 자신감, 휘청거리는 자존감》, 《우리를 불안하게 하는 것들》의 4개 파트에 52개의 에피소드를 담고 있다. 5년째 9급 공무원을 준비하고 있는 지혜, 중소기업을 다니다 퇴사한 후 4년째 공기업을 준비하고 있는 성진, ‘아싸’여서 직장 생활의 어려움을 겪는 은수, 학벌 콤플렉스를 겪고 있는 대훈으로 대표되는 청춘들의 일상을 통해 이 시대를 살아가는 모든 청춘이 느끼는 불안을 이야기하고, 에피소드 말미에 이를 극복하는 기술과 노하우를 들려준다. 드라마나 웹툰을 보듯 4명의 등장인물을 따라가다 보면 보이지 않는 미래를 위해 힘들게 달려가는 청춘뿐 아니라 남녀노소를 막론하고 불안을 느끼는 모든 이들이 따뜻한 위로와 함께 불안을 극복할 방법과 힘을 찾을 수 있을 것이다.', 'metadata': {'author': '한창욱', 'category': '', 'isbn': '9791191107166', 'publish_year': '2021', 'title': '불안해 보여서 불안한 당신에게'}, 'score': 4.648507118225098}, {'content': '카테고리: \n제목: 마음은 괜찮냐고 시가 물었다 : 시 읽어주는 정신과 의사가 건네는 한 편의 위로\n내용: “정말 그럴 때가 있을 겁니다. 어디 가나 벽이고 무인도이고 혼자라는 생각이 들 때가 있을 겁니다.” 이어령님의 <정말 그럴 때가>라는 시의 첫 구절이다. 살다 보면 누구나 외롭고 힘든 순간이 있다. 그럴 때 누군가의 따뜻한 말 한마디, 내 마음을 대변하는 것 같은 책 속 한 문장이 큰 위로가 되기도 한다. 이 책의 저자는 정신건강의학과 전문의로 시와 마음은 많이 닮았다고 말한다. 짧지만 긴 시간을 들여 천천히 읽어야 이해할 수 있는 시처럼, 사람의 마음도 겉으로 드러나는 단편적인 기분보다 실상 더 복잡하고 많은 감정이 담겨있어 가만히 들여다보아야만 이해할 수 있게 된다는 것이다. 나도 몰랐던 현재의 내 마음을 발견하고, 과거의 관계에서 생긴 마음의 매듭들을 풀며, 더 나은 미래를 위해 갖춰야 할 태도들에 대해 생각해 볼 수 있는 시들을 상황에 맞게 소개하고 있다. 더 나아가 심리 이론으로 촘촘한 분석과 구체적인 해결책을 제시한다. 과거의 선택을 후회하고, 현실이 힘들고, 미래가 불안한 이들에게 이 책을 권하고 싶다. 시가 건네는 위로를 발견할 수 있기를.\n목차: 프롤로그 : 내가 시를 읽는 이유 = 5 1부 나도 몰랐던 내 마음을 발견하다 : 현재의 내 마음과 감정들 방어기제 : 나는 괜찮다는 거짓말 = 19 불안 : 언제나 최악의 시나리오를 그리는 당신에게 = 33 자존감 : 지금 여기서 나의 가치를 높이는 법 = 45 무기력 : 삶의 의미 대신 행복을 찾는 연습 = 57 완벽주의 : 잘하고 싶은 마음에 시작도 못 하는 사람들 = 70 외로움 : 혼자 있어도, 함께 있어도 외로운 이유 = 82 2부 모든 관계는 나로부터 시작된다 : 과거의 관계에서 생긴 마음의 매듭들 독립 : 부모의 자랑이 되어야 한다는 의무감 = 95 애착 : 사랑을 계속해서 시험하는 사람 = 107 이별 : 사랑이 지나간 자리에서 = 119 비밀 : 나를 지키는 비밀, 관계를 무너뜨리는 비밀 = 130 페르소나 : 나는 누구인가라는 고민 = 140 연애 : 낭만적 연애와 그 후의 일상 = 153 인간관계 : 섣불리 기대했다 상처받지 않는 법 = 166 3부 이 세상 모든 곳에 나의 자리가 있다 : 더 나은 미래를 위해 갖춰야 할 태도들 번아웃 : 일하는 나를 위한 최소한의 예의 = 179 성장 : 실패 앞에서 품위를 잃지 않기를 = 194 자기애 : 나를 사랑한다는 착각 = 207 우울 : 어떤 우울도 영원하지 않다 = 221 분노 : 우아하게 화를 내는 기술 = 232 피해의식 : 그는 당신을 미워하지 않는다 = 244 에필로그 : 시와 같은 마음으로 = 257 참고문헌 = 261', 'metadata': {'author': '황인환', 'category': '', 'isbn': '9791192097053', 'publish_year': '2021', 'title': '마음은 괜찮냐고 시가 물었다 : 시 읽어주는 정신과 의사가 건네는 한 편의 위로'}, 'score': 4.8816819190979}, {'content': '카테고리: 인문과학\n제목: 우울하면 좀 어때 : 정신과 전문의 김승기 시인의 자존감 처방전\n내용: 이 책의 저자는 자신이 상담해 왔던 환자들의 이야기를 통해 현대 사회에서 흔하게 겪게 되는 감정의 문제들을 적고 각 사례들에 대한 정보와 처방전을 이야기해 주고 있다. 1부에서는 자존감이 낮거나 높은 사람들이 겪을 수 있는 문제를, 2부에서는 자라나지 못한 마음속의 아이들이라는 주제로 아이들이 겪는 아픔을, 3부에서는 상처받기 쉬운 가족이라는 주제로 가장 가까운 가족들에게 받는 상처를, 4부에서는 남자와 여자 그리고 결혼이라는 주제로 부부관계에서 어떻게 해야 잘 헤쳐 나갈 수 있는지 이야기하고 있으며, 5부에서는 장애와 통증 사이 내가 혹시 이런 병에 걸린 것은 아닐까라는 주제로 스트레스로 인한 장애가 생길 수도 있다고 이야기하고 있다. 우울이라는 단어는 현대 사회를 살아가는 사람이라면 한 번쯤 떠올릴 수 있다. 고단한 회사 생활, 초년생으로서 힘든 사회 활동, 학생으로서 느끼는 학업 스트레스, 엄마이지만 한 사람의 여성으로서 느끼는 고단함 등에서 누구나 격을 수 있다. 이 책을 통해서 마음에 무거운 짐을 안고 있는 사람들에게 작은 위로를 건네는 책이다. “까짓것 우울하면 좀 어때?!”', 'metadata': {'author': '김승기 ', 'category': '인문과학', 'isbn': '9788970759074', 'publish_year': '2019', 'title': '우울하면 좀 어때 : 정신과 전문의 김승기 시인의 자존감 처방전'}, 'score': 5.186978340148926}]","1. **'잠깐 머리 좀 식히고 오겠습니다'** - 윤대현  
   - 추천 이유: 이 책은 스트레스와 불안감을 관리하는 방법에 대한 심리적 처방을 제공하며, 독자가 겪고 있는 불안함을 이해하고 위로해 줄 수 있습니다. 저자는 직장생활과 인간관계에서 오는 스트레스를 다루며, 공감과 위안을 통해 독자의 마음을 안정시켜 줄 것입니다.  
   - 이 책이 도움이 될 수 있는 이유: 직장인으로서 일상에서 느끼는 스트레스에 대한 구체적인 사례와 긍정적인 마음을 심어줄 수 있는 조언이 담겨 있어, 독자가 스스로 위로받고 일상에서 겪는 불안을 덜어내는 데 큰 도움이 될 것입니다.  

2. **'나에게 오늘을 선물합니다'** - 김나위  
   - 추천 이유: 이 책은 힘든 순간에 자신을 위로하는 방법과 함께, 우리가 혼자가 아니라는 사실을 깨닫게 해줍니다. 불안한 감정 상태를 가진 독자에게 큰 위로와 안정감을 제공할 수 있는 내용이 담겨 있습니다.  
   - 이 책이 도움이 될 수 있는 이유: 일상에서 겪는 어려움에 대한 다른 사람들의 이야기를 통해 공감하고 위로받을 수 있으며, 스스로를 돌아보는 시간을 가질 수 있어 감정적 안정감을 찾는 데 기여할 것입니다.  

3. **'마음은 괜찮냐고 시가 물었다 : 시 읽어주는 정신과 의사가 건네는 한 편의 위로'** - 황인환  
   - 추천 이유: 이 책은 정신건강 전문의가 쓴 시를 통해 독자의 마음을 위로하고, 복잡한 감정을 이해하도록 돕습니다. 독자가 느끼는 불안과 외로움을 공감하며, 그것들을 치유하는 방법을 제시합니다.  
   - 이 책이 도움이 될 수 있는 이유: 시를 통해 감정을 표현하고 이해하는 과정은 독자에게 큰 위로가 될 수 있으며, 잠들기 전 편안한 마음으로 읽기 좋습니다. 각 시가 독자의 감정에 깊이 다가가 안정감을 줄 것입니다.  ","{'prompt_tokens': 3787, 'completion_tokens': 496, 'total_tokens': 4283, 'total_cost': 0.0008656499999999999}"
