timestamp,model,method,prompt,prompt_inputs,user_emotion,desired_emotional_effect,occupation,reading_context,focus_level,book_candidates,result,token_usage
2025-05-16 16:58:52.751655,gpt-4o-mini,direct,"Human: 당신은 사용자의 독서 취향과 감정 상태에 맞춰 도서를 추천하는 전문가입니다.
다음 정보를 분석하여 사용자에게 가장 적합한 3권의 책을 추천해주세요.

## 사용자 정보
- 현재 감정 상태: 불안함
- 원하는 감정적 효과: 위로와 안정감
- 직업: 직장인
- 독서 상황: 잠들기 전 독서
- 선호하는 집중도: 가볍게 읽을 수 있는 책

## 사용자 취향 정보

## 사용자 독서 취향 정보
- 선호 장르: 심리학(가중치:0.8), 자기계발(가중치:0.7), 에세이(가중치:0.6)
- 선호 독서 스타일: 
  * 선호 길이: 중간
  * 복잡도: 쉬움
  * 선호 톤: 따뜻함
- 관심 키워드: 불안, 힐링, 위로, 심리, 일상
- 기피 주제: 우울, 공포, 긴장감


## 사용자가 읽은 관련 책들
관련 독서 이력이 없습니다.

## 후보 도서 목록
추천할 만한 후보 도서가 없습니다.

다음과 같은 척도로 각 후보 도서를 평가하세요:
1. 사용자의 현재 감정 상태와 원하는 감정적 효과와의 적합성
2. 사용자의 취향과의 일치도 (장르, 스타일, 선호 키워드)
3. 사용자의 기피 주제와 겹치지 않는지 여부
4. 사용자의 독서 이력과의 연관성
5. 독서 상황과 선호하는 집중도에 맞는지 여부
6. 사용자의 직업과 관련된 통찰이나 도움이 될 수 있는지 여부

최종 추천은 다음 형식으로 제시해주세요:
1. [첫 번째 추천 도서 제목] - 저자
   - 추천 이유: (사용자의 현재 감정과 원하는 효과를 고려한 구체적인 이유)
   - 이 책이 도움이 될 수 있는 이유: (감정적 효과나 얻을 수 있는 통찰 등)

2. [두 번째 추천 도서 제목] - 저자
   - 추천 이유: (사용자의 현재 감정과 원하는 효과를 고려한 구체적인 이유)
   - 이 책이 도움이 될 수 있는 이유: (감정적 효과나 얻을 수 있는 통찰 등)

3. [세 번째 추천 도서 제목] - 저자
   - 추천 이유: (사용자의 현재 감정과 원하는 효과를 고려한 구체적인 이유)
   - 이 책이 도움이 될 수 있는 이유: (감정적 효과나 얻을 수 있는 통찰 등)
","{'user_emotion': '불안함', 'desired_emotional_effect': '위로와 안정감', 'occupation': '직장인', 'reading_context': '잠들기 전 독서', 'focus_level': '가볍게 읽을 수 있는 책', 'preferences_section': '## 사용자 취향 정보\n\n## 사용자 독서 취향 정보\n- 선호 장르: 심리학(가중치:0.8), 자기계발(가중치:0.7), 에세이(가중치:0.6)\n- 선호 독서 스타일: \n  * 선호 길이: 중간\n  * 복잡도: 쉬움\n  * 선호 톤: 따뜻함\n- 관심 키워드: 불안, 힐링, 위로, 심리, 일상\n- 기피 주제: 우울, 공포, 긴장감\n', 'history_section': '## 사용자가 읽은 관련 책들\n관련 독서 이력이 없습니다.', 'candidate_books': '추천할 만한 후보 도서가 없습니다.', 'num_recommendations': 3}",불안함,위로와 안정감,직장인,잠들기 전 독서,가볍게 읽을 수 있는 책,"[(Document(metadata={'author': '정창권', 'category': '인문과학', 'isbn': '9791187332244', 'publish_year': '2018', 'title': '정조처럼 소통하라'}, page_content='목차: 프롤로그: 소통에 어려움을 겪고 있는 이들에게01 편지정치의 달인, 정조신하·백성과 활발하게 소통하고자 했던 조선의 왕들인간미 넘치는 정조의 한글 편지편지로 신하들과 친밀한 관계를 유지하다‘정적’ 심환지와 주고받은 비밀 편지막후정치의 실체솔직함과 친근함으로 신하의 마음을 사로잡다02 이 부부의 평등한 소통법, 군관 나신걸전근 가는 군관이 아내에게 보낸 편지아내가 농사일로 고생할 것이 마음에 걸려아내에 대한 존경과 사랑을 가득 담아 쓰다03 남편을 변화시킨 쪽지편지, 강정일당바느질하며 귀동냥으로 경전을 공부한 여성 성리학자여자라도 노력하면 성인이 될 수 있다남편에게 스승 같은 존재쪽지편지의 힘칭찬하면서 가르치기어떤 사람을 사귀어야 할까서당 일에 대한 조언잔소리를 하려거든 이렇게아내의 문집을 간행한 보기 드문 남편 04 영혼을 매료시킨 감성적 소통의 대가, 이순신타고난 무인 기질승전의 비결은 소통 능력당대 최고의 작가!한 편의 시 같은 감사 편지유성룡에게 보낸 기밀 편지상사를 설득한 감동적인 휴가 요청서 05 살림하는 남자, 퇴계 이황 지적 장애인 아내에게 예를 다하다퇴계가 3000통이 넘는 편지를 쓴 이유극성스러운 자식교육손자 안도에게 거는 기대용의주도한 살림의 달인집안에선 평범한 가장06 존경받는 아버지, 연암 박지원가난하지만 강직하고 거침없는 삶사별한 아내를 그리워하며고추장을 직접 담가 보내는 아버지""과거 공부나 하는 쩨쩨한 선비는 되지 말거라""며느리에게 감사를 표현하는 방법소통은 부드럽고 유머러스하게07 배려하되 단호하게, 명성황후명성황후에 대한 엇갈린 평가파란만장한 인생사편지는 주요한 정치적 소통수단가족을 걱정하는 평범한 아내이자 어머니네 자녀를 잃고폭탄테러로 생긴 불면증명성황후와 대원군의 대립과 견제배려심과 단호함08 엄격하고 깐깐한 아버지, 다산 정약용다산초당의 알려지지 않은 뒷이야기유배지에서 두 아들에게 보낸 편지폐족의 처지가 되었으니 진정으로 독서할 때난리를 당한 집안에서 이름난 학자가 나오는 법공부 안 하는 자식들에게 내린 지시술은 절대 마시지 말 것아들에게 의사를 그만두라는 ‘실학자’ 아버지""수익이 좋은 뽕나무를 심어라""근면과 검소, 평생 쓰고도 남는 최고의 유산다산초당에 남겨진 두 여자09 딸바보, 선조한글 편지를 가장 많이 남긴 왕딸들과 자주 편지를 주고받은 섬세한 아버지10 외롭고 쓸쓸한 왕비, 인선황후적막한 궁궐생활시집간 딸들을 기다리며손자를 돌보는 기쁨소설 애호가이자 후원자솔직한 감정 표현 11 노부부의 사랑과 전쟁, 신천강씨시집간 딸에게 수많은 편지를 보낸 사연첩을 두려는 남편과 벌인 치열한 부부싸움질투 때문에 화병이 나고남편을 뺏기고 싶지 않은 심정남편의 벼슬이 큰 해가 될 줄이야화해와 반전12 불통의 고통, 곽주자기 말만 하는 가부장적 남편손님 접대 준비를 꼼꼼하게 지시철저한 집안 단속아내는 왜 없애라는 편지를 무덤까지 갖고 갔을까?아내를 배려하지 않는 일방적인 요구아내의 마음고생에필로그: 소통, 관계의 예술참고자료'), 4.1108222007751465), (Document(metadata={'author': '허인욱', 'category': '인문과학', 'isbn': '9788971993842', 'publish_year': '2010', 'title': '옛그림 속 양반의 한평생'}, page_content=""카테고리: 인문과학\n제목: 옛그림 속 양반의 한평생\n내용: 조선은 아무리 유능해도 양반이 아니면 대우받지 못했던 양반 중심의 사회였다. 우리는 큰 벼슬을 하거나 훌륭한 삶을 살았던 특별한 양반들의 업적은 알고 있지만 평범한 양반의 삶은 잘 모르고 있었다. 누구나 잘 안다고 생각하지만 정작 아무것도 제대로 알지 못한 양반의 일생을 쉽게 이해할 수 있도록 그림과 글로 표현하였다. 조선시대 대표적인 풍속화인 ‘평생도(김홍도)’를 보면서 태어날 때부터 죽을 때까지의 양반의 삶을 그리고 있다. 그 외에도 김준근, 엘리자베스 키스(영국화가)의 작품, 작자 미상의 많은 옛그림들을 이 책을 통해 만나볼 수 있다. 조선시대 사회의 주축이었던 그들이 어떻게 살았는지 궁금하다면 이 책을 권한다.\n목차: 책머리에. 양반은 어떻게 살았을까 1장. 조선의 할아버지, 육아일기를 쓰다 - 출생에서 돌잔치까지 대만 이어 준다면 한 해를 견딘 대견함 검동이 보러 어서 집에 가고 싶네 2장. 책벌레가 되어야 한다 - 아이들은 서당에 다녔네 서당은 언제부터 있었을까 놀림 받는 훈장님 서당은 누가 세웠을까 매일매일 읽고 외우고 검사받다 즐거워라, 책거리 날이라네 한 번에 급제하라 3장. 시집가고 장가오는게 이리 힘들어서야 - 인륜지대사, 혼례 여섯 가지 순서를 꼼꼼히 따졌을까 사모관대 쓰고 백마 타고 가네 신랑ㆍ신부 절하시오 이제 시댁으로 갑니다 옛사람들도 이혼ㆍ재혼이 가능했을까 4장. 가문의 영광을 위하여 - 관리의 등용문, 과거 시험 막고 막고 또 막아라, 부정시험 이게 무슨 과거장인가 무에가 출중한 자들의 경합장, 무과 말 타고 활쏘기가 그리 쉬운가 신고식을 해야지 - 방방의와 신은래 임금이 축하하고 사흘을 뽐낸다 5장. 일인지하 만인지상을 향하여 - 조선 양반네들의 관직 생활 신참내기의 신고식 출세를 하려면 '청요직'을 거쳐야 목민관으로 나가다 당상관에 올라야 왕을 제대로 모신다 일인지하 만인지상 일흔이 되면 사직서를 내다 6장. 60이라는 특별한 축하 - 회갑ㆍ회혼례ㆍ회방 하늘이 여분의 삶을 주었다 혼인하여 60년을 해로하다 - 회혼례 급제 60년을 축하하다 - 회방연 7장. 삶과 죽음의 갈림길 - 3년으로 부모의 은혜를 어찌 다 갚나 불러도 대답 없는 이름이여 저승사자를 대접하다 저승길 노자랍니다 보낼 준비를 하다 소생하기를 기다리다 - 소렴과 대렴 거친 삼베옷을 입고 지팡이를 짚다 가시는 길이 너무 멀구나 망자의 집자리를 찾아 묻다 아직 보내지 않았네 - 제사를 지내다 3년 동안 생전처럼 모시다 조선 사회에서 양반으로 산다는 것""), 4.952618598937988), (Document(metadata={'author': '김학범 ', 'category': '인문과학', 'isbn': '9788934962649', 'publish_year': '2013', 'title': '보고 생각하고 느끼는 우리 명승기행'}, page_content='목차: 추천의 글_우리 명승의 발전을 위하여 들어가며_아름다운 금수강산, 명승의 나라 제1장 고정원 올곧은 선비의 향기가 묻어나는 채미정 배롱나무 꽃이 흐드러지는 명옥헌 원림 그림으로 남은 정원 소쇄원 나 다시 돌아가리라 만휴정 원림 그림자가 쉬어가는 식영정 일원 섬 속의 낙원을 알지 못하였구나 윤선도 원림 신선이 사는 도심 속 정원 성락원 물외무우의 한거 초연정 원림 묵향이 묻어나는 학문의 공간 초간정 원림 참선의 원림 청평사 고려선원 화림동천의 계원 거연정 일원 고반원터에 지은 별서 임대정 원림 염퇴의 강직한 기품이 흐르는 월연대 일원 신선과 반려하는 유토피아 용암정 일원 제2장 누원과 대 심산유곡의 산수를 즐기다 수승대 관아원림의 상징 광한루원 금닭이 알을 품고 있는 명당 청암정과 석천계곡 진경산수화의 비경 죽서루와 오십천 남종화의 산실 운림산방 악성 우륵의 자리 탄금대 제3장 팔경구곡과 옛길 퇴계와 두향의 애절한 전설이 담긴 구담봉 조선 선비들의 벼슬길 문경새재 도담의 아름다운 세 봉우리 도담삼봉 아흔아홉 굽이 큰 고개 대관령 옛길 시인묵객이 시화로 예찬한 사인암 선조의 삶이 배어 있는 바꾸미 고개 구룡령 옛길 마고할미의 성지 석문 석벽을 깎아 만든 벼랑길 토끼비리 선비의 기개와 절의를 품은 일사대 일원 구천동 물돌이 명소 파회와 수심대 죽죽이 개척한 대재 죽령 옛길 백사실계곡의 원림 유적 백석동천 희고 푸른 바위들의 향연 옥순봉 백두대간을 넘는 최초의 고갯길 하늘재 제4장 역사ㆍ문화 명소 법보사찰의 으뜸 가야산 해인사 일원 곰을 상징하는 백제의 중심지 공주 고마나루 만년불패의 터전 두륜산 대흥사 일원 단종의 한이 서린 유형의 땅 영월 청령포 속세를 떠난 이상향 속리산 법주사 일원 승보사찰의 명산 조계산 송광사와 선암사 일원 백제의 고도 부여 구드래 일원 화엄의 불국세계 지리산 화엄사 일원 제5장 전통산업ㆍ문화 경관 농경이 문화 경관이 되다 가천마을 다랑이논 내앞마을의 지킴이 백운정과 개호송숲 어업문화의 경관 지족해협 죽방렴 전통포구의 마을숲 법성진 숲쟁이 꿈에서 본 선경 선몽대 일원 삼한시대의 저수지 의림지와 제림 덕연구곡의 명소 용계정과 덕동숲 감사의 글 부록_지도로 보는 명승 명승 목록'), 5.1313862800598145), (Document(metadata={'author': '나탈리 코프만', 'category': '인문과학', 'isbn': '9791160261349', 'publish_year': '2019', 'title': '최악의 여성, 최초의 여성, 최고의 여성'}, page_content='목차: 한국어판 서문 4서문－여성 100인 7여성과 여성 시민의 권리 선언 101 출현의 시대루시 20페세쉐트 23프리네 26키니스카 29아그노디케 31여모 33제노비아 36선덕 39카히나 41오스트리아의 이다 43토모에 고젠 46앙주 왕가의 야드비가 49아녜스 소렐 53라 말린체 57아라곤의 캐서린 61그레이스 오말리 65자리아의 아미나투 672 주장의 시대프란체스카 카치니 72잔 망스 75마리아 지빌라 메리안 79마르타 스카브론스카야 83에밀리 뒤 샤틀레 86올랭프 드 구주 89메리 울스턴크래프트 93솔리튀드 96플로라 트리스탕 99조르주 상드 103해리엇 터브먼 107서태후 109빅투아르 도비에 114알렉산드린 티네 1173 요구의 시대빅토리아 우드헐 122마리아 드렘 125엘로이사 디아스 인순사 127이자베우 두 브라질 129에멀린 팽크허스트 132사라 베르나르 135알리스 기 140샬롯 쿠퍼 143마리 퀴리 146베르타 폰 주트너 150추근 152아네트 켈러먼 154셀마 라겔뢰프 158클라라 체트킨 161엘리노어 데이비스 콜리 165커레스 크로스비 1674 용기의 시대밀룬카 사비치 172루이즈 드 베티니 175스테파니 세인트 클레어 178아가사 크리스티 181에텔 레진스카 185앨리스 폴 187마거릿 생어 190후다 샤으라위 194쉬잔 발라동 197알렉산드라 다비드 넬 201알로하 원더웰 205조세핀 베이커 208거트루드 에덜리 212아멜리아 에어하트 214헤디 라마 217외제니 브라지에 221레지나 요나스 223사비하 괵첸 225이레나 센들레로바 227마리나 라스코바 230버지니아 홀 233누르 이나야트 칸 2365 참여의 시대마릴린 먼로 243시몬 드 보부아르 247로잘린드 프랭클린 251로자 파크스 253시리마보 반다라나이케 258엘라 피츠제럴드 260메리 퀀트 265발렌티나 테레시코바 269레나 가노코기 272캐서린 스위처 274골다 메이어 277마들렌 생캥 280다베이 준코 283로살리아 메라 고예네체아 285시몬 베이 289비그디스 핀보가도티르 292풀란 데비 294나왈 엘 무타와켈 298베나지르 부토 300메르세데스 소사 303리고베르타 멘추 3066 희망의 시대와리스 디리 310루트 드라이푸스 315시린 에바디 318자하 하디드 320미셸 오바마 323노바 페리스 326엘레나 페란테 328말랄라 유사프자이 330마리암 알만수리 334파트마 사무라 337'), 5.191678524017334), (Document(metadata={'author': '윤병훈', 'category': '사회과학', 'isbn': '9788993019087', 'publish_year': '2010', 'title': '발소리가 큰 아이들'}, page_content='목차: 머리말 _ 4 『발소리가 큰 아이들』출간을 축하하며_ 8 소망의 씨 _ 16 어려운 시작_ 19 첫 입학식 _ 22 꽃동네 사랑의 연수원으로 _ 25 우리의 교육 이념 _ 28 뭐, 이런 자식들이 다 있어 _ 31 시험대에 오른 수녀님 _ 34 잔인한 달, 4월 _ 37 부서진 화분 _ 40 속으로 아파하는 학생들 _ 44 학생들을 끌어안는 방법 _ 46 미술치료 _ 49 옥상에서의 한 바탕 결투 _ 52 나, 저 사람 몰라 _ 54 어느 아버지의 사랑 _ 57 추억의 앨범 _ 59 고통 속에서 피어난 희망 _ 61 폭력은 안 된다 _ 64 한강에 수장시키겠다니 _ 67 어설픈 농사꾼에서 참 농사꾼으로 _ 70 선생님, 가지 마세요 _ 74 축복의 비 _ 76 고운 무늬 수를 놓으며 _ 80 공업, 농업, 상업, 그리고 양업 _ 83 그래서 입학하려고요 _ 85 술을 선택한 학생 _ 87 고정관념을 깨는 것이 약 _ 90 서로 환히 비춰주며 _ 92 굴뚝새 이야기 _ 95 선생님과 아이들 _ 97 선생님도 아프단다 _ 101 게시판에 쓴 글 _ 105 집에 가려 하지 않는 아이들 _ 107 잡으면 내빼고 _ 109 공포의 해병대 캠프 _ 112 껍데기를 벗어던진 아이들 _ 115 불타는 가을 산 _ 117 질풍노도의 시기 _ 119 집 짓고 삼 년 _ 121 졸업을 앞두고 _ 123 대학에 몇 명이나 가나요 _ 125 새해 아침에 _ 127 기다리고 또 기다리고 _ 129 선생님, 힘냅시다 _ 131 모든 면에 대안이 있어야 한다 _ 133 그 놈이 살아났다 _ 135 ‘함께 하는 것’이 교육이다 _ 138 헤어지기 전에 해야 할 일 _ 140 수렴청정垂簾聽政형 어머니 _ 142 또 떠난다 _ 145 교육이라는 것 _ 148 이 일만은 제가 _ 150 이건 아니다 _ 153 지식을 얻는 방법 _ 155 아버지가 달라져야 _ 158 지리산 종주 _ 161 빠떼루par la terre를 주고 싶다 _ 164 대안학교가 좋다 _ 167 스스로 목표를 찾아가는 아이들 _ 170 내 아들만은 _ 173 생명 가꾸기 대토론회 _ 176 안 그랬어요 _ 179 지나친 자녀 사랑 _ 182 금연 선포식과 ‘그린 존’ _ 185 아이들이 시동을 걸었다 _ 188 문제는 풀라고 있는 것이다 _ 190 부모의 그릇 _ 192 도전하는 자가 아름답다 _ 194 내가 버리지 못한 것 _ 197 쌍둥이 남매 _ 199 코드가 맞아야 _ 202 목표가 뭐냐 _ 204 틀 속에 가두어 달라는 부모 _ 207 공해지역 금연운동 _ 210 예, 저희는 건전합니다 _ 213 인간 승리자 _ 216 공부 좀 하려고요 _218 꽃에 물주기 _ 220 양가집 자녀들 _ 222 술 가운데 뜨는 술 _ 224 세배 _ 227 얘들아, 잘 살아라 _ 229 폭격 맞은 인성 _ 231 충격요법도 약이다 _ 233 한 여학생의 학교 방문 _ 235 여기 고등어 많이 잡혀요 _ 238 노작 시간 _ 241 무단 귀가 _ 243 지식만 질리도록 먹이는 교육 _ 245 설익은'), 5.2365336418151855), (Document(metadata={'author': '엔조 도, 다나베 세이아', 'category': '인문과학', 'isbn': '9791185153209', 'publish_year': '2018', 'title': '책 읽다가 이혼할 뻔'}, page_content='. 그림과 문장 사이에서 ♀ 다나베 세이아『책을 읽을 때 무슨 일이 일어날까』 피터 멘델선드28. 신화 만들기 ♂ 엔조 도『박홍 천녀』 오기와라 노리코29. 월면의 텍사스 ♀ 다나베 세이아「비트닉 바이유」 존 발리30. 정답이 있는 부부를 찾아서 ♂ 엔조 도『오늘밤도 마실리에』 이세다 마미코31. 식의 문인 ♀ 다나베 세이아『노자키 히로미쓰의 일본 반찬 결정판』 노자키 히로미쓰32. 보이지 않는 것과 보이는 것 ♂ 엔조 도『찾아라! 언제까지나 놀 수 있는 숨바꼭질 그림책』 진 마졸로33. 잘 모르겠는 나날 ♀ 다나베 세이아『한밤중에 개에게 일어난 기묘한 사건』 마크 해던34. 나에 대해 어떻게 생각해? ♂ 엔조 도『기억파단자』 고바야시 야스미35. 이제 곧 연재도 끝난대 ♀ 다나베 세이아『장어와 인간』 제임스 프로섹36. 꿈꾸기 전에 ♂ 엔조 도『망가진 뇌, 살아 있는 지각』 야마다 기쿠코37. 연재가 끝나다니 아쉬워 ♀ 다나베 세이아『연분수의 신비』 기무라 ?이치38. 서방 사람에게 ♂ 엔조 도『서방용토 간사이 제국의 영광과 쇠락』 나카지마 라모39. 이해할 수 없는 것뿐 ♀ 다나베 세이아『솔라리스』 스타니스와프 렘40. 마지막 인사 ♂ 엔조 도『배틀로얄』 다카미 고? 후기를 대신해: 지은이 부부 대담 옮긴이 후기: 옮긴이 부부 대담'), 5.356142997741699)]","1. **[불안한 사람들을 위한 심리학] - 이신화**
   - 추천 이유: 이 책은 불안감을 느끼는 사람들을 위한 심리학적 접근을 제공합니다. 저자가 불안의 원인을 이해하고, 이를 극복하는 다양한 방법을 제시하므로, 현재의 감정 상태를 위로하고 안정감을 찾는 데 도움을 줄 수 있습니다.
   - 이 책이 도움이 될 수 있는 이유: 불안에 대한 심리학적 이해를 통해 자신을 돌아보고, 실질적인 해결책을 제시받아 마음의 평화를 찾는 데 큰 도움이 될 것입니다.

2. **[나는 나로 살기로 했다] - 김수현**
   - 추천 이유: 이 책은 일상 속에서 자신을 이해하고, 자신을 사랑하는 방법에 대해 이야기합니다. 따뜻한 톤으로 자신의 감정을 받아들이고, 위로를 받을 수 있는 내용이 가득해 잠들기 전 읽기 적합합니다.
   - 이 책이 도움이 될 수 있는 이유: 자기 수용과 위로의 메시지가 가득한 이 책은 직장인으로서의 스트레스를 완화하고, 스스로에게 긍정적인 감정을 불어넣어 줄 것입니다.

3. **[내가 하고 싶은 이야기를 쓰기로 했다] - 정세랑**
   - 추천 이유: 이 에세이는 일상에서 느끼는 소소한 감정과 생각들을 따뜻하게 풀어내고 있습니다. 가벼운 읽기로, 불안한 마음을 다독이고 편안한 감정을 느끼게 해줄 수 있습니다.
   - 이 책이 도움이 될 수 있는 이유: 일상의 소소한 이야기들을 통해 감정적으로 공감하고 위로받을 수 있으며, 직장 생활의 스트레스를 잊고 편안한 마음으로 잠들 수 있도록 도와줄 것입니다.","{'prompt_tokens': 597, 'completion_tokens': 403, 'total_tokens': 1000, 'total_cost': 0.00033135}"
